type,molecule,moleculeup,moleculedown,gene,start,end,col,mutation,deletion,insertion
name,#62,,, ,-35,0,,,,
boxlabel,#62,,,A,1,36,#BEBADA,,,
boxlabel,#62,,,B,30.5,65.5,#80B1D3,,,
boxlabel,#62,,,C,69.5,104.5,#FDB462,,,
boxlabel,#62,,,D,130,165,#FCCDE5,,,
boxlabel,#62,,,E,172,207,#BC80BD,,,
boxlabel,#62,,,F,215.5,250.5,#FFED6F,,,
positionlabel,#61,,,1-36,1,36,,,,
positionlabel,#61,,,37-59,30.5,65.5,,,,
positionlabel,#61,,,60-114,69.5,104.5,,,,
positionlabel,#61,,,115-180,130,165,,,,
positionlabel,#61,,,181-198,172,207,,,,
positionlabel,#61,,,199-267,215.5,250.5,,,,
box,#60,,,A,1,36.5,#BEBADA,,,
box,#60,,,B,36.5,59.5,#80B1D3,,,
box,#60,,,C,59.5,114.5,#FDB462,,,
box,#60,,,D,114.5,180.5,#FCCDE5,,,
box,#60,,,E,180.5,198.5,#BC80BD,,,
box,#60,,,F,198.5,267,#FFED6F,,,
spacer,#59,,,,1,1,,,,
name,#58,,,CY,-35,0,,,,
lineg,#58,,,,1,267,,,,
spacer,#57,,,,1,1,,,,
name,#56,,,Mad-1,-35,0,,,,
lineg,#56,,,,1,36,,,,
lined,#56,,,,37,59,,,,
lineg,#56,,,,60,116,,G108A,,
lined,#56,,,,117,182,,,,
liner,#56,,,,183,198,,,,
linev,,#56,#54,,199,199,,,,
lined,#54,,,,11,199,,,,
linev,,#54,#53,,11,11,,,,
liner,#53,,,,12,36,,,,
lined,#53,,,,37,59,,,,
liner,#53,,,,60,114,,G108A,,
lined,#53,,,,115,180,,,,
lineg,#53,,,,181,267,,G217A,,
mutation,#56,,,,107.5,108.5,,,,
mutation,#53,,,,107.5,108.5,,,,
mutation,#53,,,,216.5,217.5,,,,
positionlabel,#55,,,108G>A,83,133,,,,
positionlabel,#52,,,108G>A,83,133,,,,
positionlabel,#52,,,217G>A,192,242,,,,
spacer,#51,,,,1,1,,,,
name,#50,,,Case 1,-35,0,,,,
lineg,#50,,,,1,36,,,,
lined,#50,,,,37,90,,,,
lineg,#50,,,,91,97,,,,
linev,,#50,#49,,98,98,,,,
lined,#49,,,,54,98,,,,
linev,,#49,#48,,54,54,,,,
liner,#48,,,,55,111,,,,
lined,#48,,,,112,178,,,,
liner,#48,,,,179,202,,,,
linev,,#48,#47,,203,203,,,,
lined,#47,,,,51,203,,,,
linev,,#47,#46,,51,51,,,,
liner,#46,,,,52,111,,,,
lined,#46,,,,112,178,,,,
lineg,#46,,,,179,267,,,,
spacer,#45,,,,1,1,,,,
name,#44,,,Case 2,-35,0,,,,
lineg,#44,,,,1,37,,,,
lined,#44,,,,38,42,,,,
lineg,#44,,,,43,59,,,,
lined,#44,,,,60,63,,,,
lineg,#44,,,,64,243,,"C65A, T107A, C159A, G217A",T152*,
lined,#44,,,,244,252,,,,
lineg,#44,,,,253,267,,,,
mutation,#44,,,,64.5,65.5,,,,
mutation,#44,,,,106.5,107.5,,,,
mutation,#44,,,,151.5,152.5,,,,
mutation,#44,,,,158.5,159.5,,,,
mutation,#44,,,,216.5,217.5,,,,
positionlabel,#43,,,65C>A,30,80,,,,
positionlabel,#43,,,107T>A,70,120,,,,
positionlabel,#43,,,152delT,111,161,,,,
positionlabel,#43,,,159C>A,148,198,,,,
positionlabel,#43,,,217G>A,192,242,,,,
spacer,#42,,,,1,1,,,,
name,#41,,,Case 3,-35,0,,,,
lineg,#41,,,,1,36,,,,
lined,#41,,,,37,90,,,,
lineg,#41,,,,91,97,,,,
linev,,#41,#40,,98,98,,,,
lined,#40,,,,54,98,,,,
linev,,#40,#39,,54,54,,,,
liner,#39,,,,55,106.5,,,,*107A
linev,,#39,#38,,108,108,,,,
lined,#38,,,,48,108,,,,
linev,,#38,#37,,48,48,,,,
liner,#37,,,,49,104,,C102A,,
lined,#37,,,,105,180,,,,
lineg,#37,,,,181,198,,,,
lined,#37,,,,199,218,,,,
lineg,#37,,,,219,267,,,,
mutation,#39,,,,106.5,107.5,,,,
mutation,#37,,,,101.5,102.5,,,,
positionlabel,#40,,,107insA,92,142,,,,
positionlabel,#36,,,102C>A,77,127,,,,
spacer,#35,,,,1,1,,,,
name,#34,,,Case 4,-35,0,,,,
lineg,#34,,,,1,41,,,,
lined,#34,,,,42,52,,,,
lineg,#34,,,,53,114,,,,
lined,#34,,,,115,180,,,,
liner,#34,,,,181,201,,,,
linev,,#34,#33,,202,202,,,,
lined,#33,,,,6,202,,,,
linev,,#33,#31,,6,6,,,,
liner,#31,,,,7,23,,,,
lined,#31,,,,24,57,,,,
liner,#31,,,,58,105,,,,
lined,#31,,,,106,171,,,,
lineg,#31,,,,172,243,,T172A,T176*,
lined,#31,,,,244,252,,,,
lineg,#31,,,,253,267,,,,
mutation,#31,,,,171.5,172.5,,,,
mutation,#31,,,,175.5,176.5,,,,
positionlabel,#30,,,172T>A,147,197,,,,
positionlabel,#32,,,176delT,151,201,,,,
spacer,#29,,,,1,1,,,,
name,#28,,,Case 5,-35,0,,,,
lineg,#28,,,,1,41,,,,
lined,#28,,,,42,52,,,,
lineg,#28,,,,53,138,,C123G,G120*,
linev,,#28,#26,,139,139,,,,
lined,#26,,,,75,139,,,,
linev,,#26,#24,,75,75,,,,
liner,#24,,,,76,83,,,,
lined,#24,,,,84,143,,,,
lineg,#24,,,,144,154,,,,
lined,#24,,,,155,157,,,,
lineg,#24,,,,158,225,,"T161A, C162A, G206C, G217A",,
lined,#24,,,,226,227,,,,
lineg,#24,,,,228,238.5,,T230A,,*239A
lined,#24,,,,240,245,,,,
lineg,#24,,,,246,267,,,,
mutation,#28,,,,119.5,120.5,,,,
mutation,#28,,,,122.5,123.5,,,,
mutation,#24,,,,160,161,,,,
mutation,#24,,,,162,163,,,,
mutation,#24,,,,205.5,206.5,,,,
mutation,#24,,,,216.5,217.5,,,,
mutation,#24,,,,229.5,230.5,,,,
mutation,#24,,,,238.5,239.5,,,,
positionlabel,#27,,,120delG,55,105,,,,
positionlabel,#27,,,123C>G,95,145,,,,
positionlabel,#23,,,161T>A,131,181,,,,
positionlabel,#25,,,162C>A,132,182,,,,
positionlabel,#23,,,206G>C,171,221,,,,
positionlabel,#25,,,217G>A,175,225,,,,
positionlabel,#23,,,230T>A,213,263,,,,
positionlabel,#25,,,239insA,217,267,,,,
spacer,#22,,,,1,1,,,,
name,#21,,,Case 6,-35,0,,,,
lineg,#21,,,,1,47,,,,
lined,#21,,,,48,58,,,,
lineg,#21,,,,59,122,,,,
linev,,#21,#20,,123,123,,,,
lined,#20,,,,58,123,,,,
linev,,#20,#18,,58,58,,,,
liner,#18,,,,59,114,,"G60C, G94T, G108A",G112*,
lined,#18,,,,115,180,,,,
liner,#18,,,,181,245,,"G200T, A208C, G217A, G239T",,
linev,,#18,#16,,246,246,,,,
lined,#16,,,,246,173,,,,
linev,,#16,#14,,173,173,,,,
lineg,#14,,,,174,186,,"A180T, A181T",,
lined,#14,,,,187,255,,,,
lineg,#14,,,,256,267,,,,
mutation,#18,,,,59.5,60.5,,,,
mutation,#18,,,,93.5,94.5,,,,
mutation,#18,,,,107.5,108.5,,,,
mutation,#18,,,,111.5,112.5,,,,
mutation,#18,,,,199.5,200.5,,,,
mutation,#18,,,,207.5,208.5,,,,
mutation,#18,,,,216.5,217.5,,,,
mutation,#18,,,,238.5,239.5,,,,
mutation,#14,,,,179,180,,,,
mutation,#14,,,,181,182,,,,
positionlabel,#17,,,60G>C,35,85,,,,
positionlabel,#19,,,94G>T,59,109,,,,
positionlabel,#17,,,108G>A,83,133,,,,
positionlabel,#19,,,112delG,97,147,,,,
positionlabel,#17,,,200G>T,160,210,,,,
positionlabel,#19,,,208A>C,168,218,,,,
positionlabel,#17,,,217G>A,202,252,,,,
positionlabel,#19,,,239G>T,214,264,,,,
positionlabel,#13,,,180A>T,155,205,,,,
positionlabel,#15,,,181A>T,166,216,,,,
spacer,#12,,,,1,1,,,,
name,#11,,,Case 7,-35,0,,,,
lineg,#11,,,,1,47,,,,
lined,#11,,,,48,58,,,,
lineg,#11,,,,59,114,,,,
lined,#11,,,,115,185,,,,
liner,#11,,,,186,198,,C187G,,
linev,,#11,#09,,199,199,,,,
lined,#09,,,,46,199,,,,
linev,,#09,#07,,46,46,,,,
liner,#07,,,,47,114,,,"C51*, T52*",
lined,#07,,,,115,180,,,,
liner,#07,,,,181,193,,,,
linev,,#07,#06,,194,194,,,,
lined,#06,,,,194,187,,,,
linev,,#06,#05,,187,187,,,,
lineg,#05,,,,188,196,,,,
lined,#05,,,,197,217,,,,
lineg,#05,,,,218,267,,,,
mutation,#11,,,,186.5,187.5,,,,
mutation,#07,,,,50,51,,,,
mutation,#07,,,,52,53,,,,
positionlabel,#10,,,187C>G,155,205,,,,
positionlabel,#06,,,51delC,26,76,,,,
positionlabel,#08,,,52delT,37,87,,,,
spacer,#04,,,,1,1,,,,
name,#03,,,Case 8,-35,0,,,,
lineg,#03,,,,1,47,,,,
lined,#03,,,,48,58,,,,
lineg,#03,,,,59,112,,,,
lined,#03,,,,113,168,,,,
liner,#03,,,,169,193,,,,
linev,,#03,#02,,194,194,,,,
lined,#02,,,,61,194,,,,
linev,,#02,#01,,61,61,,,,
liner,#01,,,,62,110,,,,
lined,#01,,,,111,166,,,,
lineg,#01,,,,167,267,,,,
